{"_runtime":5.42670295,"_step":0,"train_loss":1.5053740739822388,"_wandb":{"runtime":6},"train_acc":0.53125,"epoch":0,"trainer/global_step":49,"_timestamp":1.7368107579229226e+09}