{"_runtime":36.982768524,"_step":4689,"_wandb":{"runtime":36},"train_loss":0.14758290350437164,"train_accuracy":0.9375,"_timestamp":1.7367834633051012e+09}